section,claim,analysis,source_file,metric,estimate,lower_ci,upper_ci,interpretation
Dataset,"Final modeling dataset contains 8,196 molecules.",Final modeling dataset,data/processed/modeling_dataset.csv,n,8196.0,,,Final standardized modeling dataset.
Dataset,ChEBI contributes 4098 molecules.,Dataset composition,data/processed/modeling_dataset.csv,n,4098.0,,,
Dataset,DrugCentral contributes 4098 molecules.,Dataset composition,data/processed/modeling_dataset.csv,n,4098.0,,,
Results,Random-split test performance.,Random-split Morgan Random Forest,results/tables/baseline_results.csv,roc_auc,0.916365258774539,,,
Results,Random-split test performance.,Random-split Morgan Random Forest,results/tables/baseline_results.csv,pr_auc,0.9001383063733756,,,
Results,Random-split test performance.,Random-split Morgan Random Forest,results/tables/baseline_results.csv,accuracy,0.848780487804878,,,
Results,Random-split test performance.,Random-split Morgan Random Forest,results/tables/baseline_results.csv,precision,0.8055555555555556,,,
Results,Random-split test performance.,Random-split Morgan Random Forest,results/tables/baseline_results.csv,recall,0.9195121951219511,,,
Results,Random-split test performance.,Random-split Morgan Random Forest,results/tables/baseline_results.csv,f1,0.8587699316628702,,,
Robustness,Repeated scaffold performance across five seeds.,Repeated scaffold evaluation,results/tables/repeated_scaffold_results.csv,rf_roc_auc,0.8923508838469839,,,Mean ± SD = 0.8924 ± 0.0219
Robustness,Repeated scaffold performance across five seeds.,Repeated scaffold evaluation,results/tables/repeated_scaffold_results.csv,rf_pr_auc,0.8774502521709323,,,Mean ± SD = 0.8775 ± 0.0283
Robustness,Repeated scaffold performance across five seeds.,Repeated scaffold evaluation,results/tables/repeated_scaffold_results.csv,lr_roc_auc,0.8518264540491769,,,Mean ± SD = 0.8518 ± 0.0187
Robustness,Repeated scaffold performance across five seeds.,Repeated scaffold evaluation,results/tables/repeated_scaffold_results.csv,lr_pr_auc,0.8454183463660477,,,Mean ± SD = 0.8454 ± 0.0158
Uncertainty,Bootstrap uncertainty for roc_auc.,"5,000-replicate bootstrap",results/tables/bootstrap_test_metrics.csv,roc_auc,0.877064670110508,0.851486670329383,0.9013452074687384,Percentile bootstrap 95% CI.
Uncertainty,Bootstrap uncertainty for pr_auc.,"5,000-replicate bootstrap",results/tables/bootstrap_test_metrics.csv,pr_auc,0.8502877318350864,0.8113466712539474,0.8866641735939084,Percentile bootstrap 95% CI.
Uncertainty,Bootstrap uncertainty for accuracy.,"5,000-replicate bootstrap",results/tables/bootstrap_test_metrics.csv,accuracy,0.8199233716475096,0.7931034482758621,0.8467432950191571,Percentile bootstrap 95% CI.
Uncertainty,Bootstrap uncertainty for f1.,"5,000-replicate bootstrap",results/tables/bootstrap_test_metrics.csv,f1,0.8362369337979094,0.8084581779173508,0.8622620380739082,Percentile bootstrap 95% CI.
Applicability domain,Performance varies across molecular similarity bin <0.4.,Nearest-training-molecule similarity analysis,results/tables/applicability_domain_summary.csv,roc_auc,0.7602040816326531,,,n=275; mean similarity=0.308
Applicability domain,Performance varies across molecular similarity bin <0.4.,Nearest-training-molecule similarity analysis,results/tables/applicability_domain_summary.csv,pr_auc,0.6632206429008558,,,
Applicability domain,Performance varies across molecular similarity bin 0.4-0.5.,Nearest-training-molecule similarity analysis,results/tables/applicability_domain_summary.csv,roc_auc,0.8551459673428994,,,n=133; mean similarity=0.445
Applicability domain,Performance varies across molecular similarity bin 0.4-0.5.,Nearest-training-molecule similarity analysis,results/tables/applicability_domain_summary.csv,pr_auc,0.860761381829792,,,
Applicability domain,Performance varies across molecular similarity bin 0.5-0.6.,Nearest-training-molecule similarity analysis,results/tables/applicability_domain_summary.csv,roc_auc,0.8695752539242845,,,n=133; mean similarity=0.548
Applicability domain,Performance varies across molecular similarity bin 0.5-0.6.,Nearest-training-molecule similarity analysis,results/tables/applicability_domain_summary.csv,pr_auc,0.852235646259283,,,
Applicability domain,Performance varies across molecular similarity bin 0.6-0.7.,Nearest-training-molecule similarity analysis,results/tables/applicability_domain_summary.csv,roc_auc,0.947979797979798,,,n=111; mean similarity=0.647
Applicability domain,Performance varies across molecular similarity bin 0.6-0.7.,Nearest-training-molecule similarity analysis,results/tables/applicability_domain_summary.csv,pr_auc,0.9621203731734048,,,
Applicability domain,Performance varies across molecular similarity bin 0.7-0.8.,Nearest-training-molecule similarity analysis,results/tables/applicability_domain_summary.csv,roc_auc,0.9436363636363636,,,n=69; mean similarity=0.739
Applicability domain,Performance varies across molecular similarity bin 0.7-0.8.,Nearest-training-molecule similarity analysis,results/tables/applicability_domain_summary.csv,pr_auc,0.9456080795734978,,,
Applicability domain,Performance varies across molecular similarity bin 0.8-0.9.,Nearest-training-molecule similarity analysis,results/tables/applicability_domain_summary.csv,roc_auc,0.9930555555555556,,,n=30; mean similarity=0.840
Applicability domain,Performance varies across molecular similarity bin 0.8-0.9.,Nearest-training-molecule similarity analysis,results/tables/applicability_domain_summary.csv,pr_auc,0.976190476190476,,,
Applicability domain,Performance varies across molecular similarity bin >=0.9.,Nearest-training-molecule similarity analysis,results/tables/applicability_domain_summary.csv,roc_auc,1.0,,,n=32; mean similarity=0.955
Applicability domain,Performance varies across molecular similarity bin >=0.9.,Nearest-training-molecule similarity analysis,results/tables/applicability_domain_summary.csv,pr_auc,1.0,,,
Error analysis,molecular_weight differs between false_positive and correct.,Mann-Whitney U test with Benjamini-Hochberg FDR correction,results/tables/error_group_statistics_corrected.csv,molecular_weight,-0.3165588305775221,,,FDR-adjusted p=3.373e-06; Cliff's delta=-0.3166
Error analysis,heavy_atoms differs between false_positive and correct.,Mann-Whitney U test with Benjamini-Hochberg FDR correction,results/tables/error_group_statistics_corrected.csv,heavy_atoms,-0.3149156139810345,,,FDR-adjusted p=3.373e-06; Cliff's delta=-0.3149
Error analysis,hbd differs between false_positive and correct.,Mann-Whitney U test with Benjamini-Hochberg FDR correction,results/tables/error_group_statistics_corrected.csv,hbd,-0.1854096059703536,,,FDR-adjusted p=0.005103; Cliff's delta=-0.1854
Error analysis,hba differs between false_positive and correct.,Mann-Whitney U test with Benjamini-Hochberg FDR correction,results/tables/error_group_statistics_corrected.csv,hba,-0.3056725206257916,,,FDR-adjusted p=4.443e-06; Cliff's delta=-0.3057
Error analysis,rotatable_bonds differs between false_positive and correct.,Mann-Whitney U test with Benjamini-Hochberg FDR correction,results/tables/error_group_statistics_corrected.csv,rotatable_bonds,-0.1690287905241176,,,FDR-adjusted p=0.01127; Cliff's delta=-0.1690
Error analysis,rings differs between false_positive and correct.,Mann-Whitney U test with Benjamini-Hochberg FDR correction,results/tables/error_group_statistics_corrected.csv,rings,-0.1577830269419054,,,FDR-adjusted p=0.01378; Cliff's delta=-0.1578
Error analysis,aromatic_rings differs between false_positive and correct.,Mann-Whitney U test with Benjamini-Hochberg FDR correction,results/tables/error_group_statistics_corrected.csv,aromatic_rings,0.2539283146759782,,,FDR-adjusted p=8.492e-05; Cliff's delta=0.2539
Error analysis,fraction_csp3 differs between false_positive and correct.,Mann-Whitney U test with Benjamini-Hochberg FDR correction,results/tables/error_group_statistics_corrected.csv,fraction_csp3,-0.382835233302523,,,FDR-adjusted p=2.97e-08; Cliff's delta=-0.3828
Error analysis,logp differs between false_positive and correct.,Mann-Whitney U test with Benjamini-Hochberg FDR correction,results/tables/error_group_statistics_corrected.csv,logp,0.0578891513470952,,,FDR-adjusted p=0.3712; Cliff's delta=0.0579
Error analysis,molecular_weight differs between false_negative and correct.,Mann-Whitney U test with Benjamini-Hochberg FDR correction,results/tables/error_group_statistics_corrected.csv,molecular_weight,0.3058566978193146,,,FDR-adjusted p=0.0006099; Cliff's delta=0.3059
Error analysis,heavy_atoms differs between false_negative and correct.,Mann-Whitney U test with Benjamini-Hochberg FDR correction,results/tables/error_group_statistics_corrected.csv,heavy_atoms,0.3038940809968847,,,FDR-adjusted p=0.0006099; Cliff's delta=0.3039
Error analysis,hbd differs between false_negative and correct.,Mann-Whitney U test with Benjamini-Hochberg FDR correction,results/tables/error_group_statistics_corrected.csv,hbd,0.2657009345794393,,,FDR-adjusted p=0.002103; Cliff's delta=0.2657
Error analysis,hba differs between false_negative and correct.,Mann-Whitney U test with Benjamini-Hochberg FDR correction,results/tables/error_group_statistics_corrected.csv,hba,0.3439563862928348,,,FDR-adjusted p=0.0001358; Cliff's delta=0.3440
Error analysis,rotatable_bonds differs between false_negative and correct.,Mann-Whitney U test with Benjamini-Hochberg FDR correction,results/tables/error_group_statistics_corrected.csv,rotatable_bonds,0.2335514018691588,,,FDR-adjusted p=0.007394; Cliff's delta=0.2336
Error analysis,rings differs between false_negative and correct.,Mann-Whitney U test with Benjamini-Hochberg FDR correction,results/tables/error_group_statistics_corrected.csv,rings,0.1638006230529595,,,FDR-adjusted p=0.05381; Cliff's delta=0.1638
Error analysis,aromatic_rings differs between false_negative and correct.,Mann-Whitney U test with Benjamini-Hochberg FDR correction,results/tables/error_group_statistics_corrected.csv,aromatic_rings,-0.3941744548286604,,,FDR-adjusted p=5.306e-06; Cliff's delta=-0.3942
Error analysis,fraction_csp3 differs between false_negative and correct.,Mann-Whitney U test with Benjamini-Hochberg FDR correction,results/tables/error_group_statistics_corrected.csv,fraction_csp3,0.4453271028037383,,,FDR-adjusted p=1.372e-06; Cliff's delta=0.4453
Error analysis,logp differs between false_negative and correct.,Mann-Whitney U test with Benjamini-Hochberg FDR correction,results/tables/error_group_statistics_corrected.csv,logp,0.1050467289719626,,,FDR-adjusted p=0.2157; Cliff's delta=0.1050
Error analysis,molecular_weight differs between false_positive and false_negative.,Mann-Whitney U test with Benjamini-Hochberg FDR correction,results/tables/error_group_statistics_corrected.csv,molecular_weight,-0.5832967032967032,,,FDR-adjusted p=2.443e-08; Cliff's delta=-0.5833
Error analysis,heavy_atoms differs between false_positive and false_negative.,Mann-Whitney U test with Benjamini-Hochberg FDR correction,results/tables/error_group_statistics_corrected.csv,heavy_atoms,-0.5745054945054945,,,FDR-adjusted p=3.151e-08; Cliff's delta=-0.5745
Error analysis,hbd differs between false_positive and false_negative.,Mann-Whitney U test with Benjamini-Hochberg FDR correction,results/tables/error_group_statistics_corrected.csv,hbd,-0.4701098901098901,,,FDR-adjusted p=3.993e-06; Cliff's delta=-0.4701
Error analysis,hba differs between false_positive and false_negative.,Mann-Whitney U test with Benjamini-Hochberg FDR correction,results/tables/error_group_statistics_corrected.csv,hba,-0.6167032967032967,,,FDR-adjusted p=3.531e-09; Cliff's delta=-0.6167
Error analysis,rotatable_bonds differs between false_positive and false_negative.,Mann-Whitney U test with Benjamini-Hochberg FDR correction,results/tables/error_group_statistics_corrected.csv,rotatable_bonds,-0.4184615384615384,,,FDR-adjusted p=4.941e-05; Cliff's delta=-0.4185
Error analysis,rings differs between false_positive and false_negative.,Mann-Whitney U test with Benjamini-Hochberg FDR correction,results/tables/error_group_statistics_corrected.csv,rings,-0.2494505494505494,,,FDR-adjusted p=0.01364; Cliff's delta=-0.2495
Error analysis,aromatic_rings differs between false_positive and false_negative.,Mann-Whitney U test with Benjamini-Hochberg FDR correction,results/tables/error_group_statistics_corrected.csv,aromatic_rings,0.6531868131868132,,,FDR-adjusted p=1.623e-10; Cliff's delta=0.6532
Error analysis,fraction_csp3 differs between false_positive and false_negative.,Mann-Whitney U test with Benjamini-Hochberg FDR correction,results/tables/error_group_statistics_corrected.csv,fraction_csp3,-0.7041758241758241,,,FDR-adjusted p=4.598e-11; Cliff's delta=-0.7042
Error analysis,logp differs between false_positive and false_negative.,Mann-Whitney U test with Benjamini-Hochberg FDR correction,results/tables/error_group_statistics_corrected.csv,logp,-0.0316483516483516,,,FDR-adjusted p=0.758; Cliff's delta=-0.0316
Sensitivity,DrugCentral common-support fraction at threshold 0.5.,Descriptor common-support analysis,results/tables/descriptor_overlap_analysis.csv,fraction_within_threshold,0.8616398243045388,,,Median nearest distance=0.2655; mean nearest distance=0.3755
Sensitivity,ChEBI common-support fraction at threshold 0.5.,Descriptor common-support analysis,results/tables/descriptor_overlap_analysis.csv,fraction_within_threshold,0.6822840409956076,,,Median nearest distance=0.3578; mean nearest distance=0.6084
Sensitivity,DrugCentral common-support fraction at threshold 1.0.,Descriptor common-support analysis,results/tables/descriptor_overlap_analysis.csv,fraction_within_threshold,0.9685212298682284,,,Median nearest distance=0.2655; mean nearest distance=0.3755
Sensitivity,ChEBI common-support fraction at threshold 1.0.,Descriptor common-support analysis,results/tables/descriptor_overlap_analysis.csv,fraction_within_threshold,0.8792093704245973,,,Median nearest distance=0.3578; mean nearest distance=0.6084
Sensitivity,DrugCentral common-support fraction at threshold 1.5.,Descriptor common-support analysis,results/tables/descriptor_overlap_analysis.csv,fraction_within_threshold,0.984382625671059,,,Median nearest distance=0.2655; mean nearest distance=0.3755
Sensitivity,ChEBI common-support fraction at threshold 1.5.,Descriptor common-support analysis,results/tables/descriptor_overlap_analysis.csv,fraction_within_threshold,0.9309419228892144,,,Median nearest distance=0.3578; mean nearest distance=0.6084
Sensitivity,DrugCentral common-support fraction at threshold 2.0.,Descriptor common-support analysis,results/tables/descriptor_overlap_analysis.csv,fraction_within_threshold,0.9880429477794046,,,Median nearest distance=0.2655; mean nearest distance=0.3755
Sensitivity,ChEBI common-support fraction at threshold 2.0.,Descriptor common-support analysis,results/tables/descriptor_overlap_analysis.csv,fraction_within_threshold,0.9599804782820888,,,Median nearest distance=0.3578; mean nearest distance=0.6084
Sensitivity,DrugCentral common-support fraction at threshold 2.5.,Descriptor common-support analysis,results/tables/descriptor_overlap_analysis.csv,fraction_within_threshold,0.9890190336749634,,,Median nearest distance=0.2655; mean nearest distance=0.3755
Sensitivity,ChEBI common-support fraction at threshold 2.5.,Descriptor common-support analysis,results/tables/descriptor_overlap_analysis.csv,fraction_within_threshold,0.9699853587115668,,,Median nearest distance=0.3578; mean nearest distance=0.6084
Sensitivity,DrugCentral common-support fraction at threshold 3.0.,Descriptor common-support analysis,results/tables/descriptor_overlap_analysis.csv,fraction_within_threshold,0.9912152269399708,,,Median nearest distance=0.2655; mean nearest distance=0.3755
Sensitivity,ChEBI common-support fraction at threshold 3.0.,Descriptor common-support analysis,results/tables/descriptor_overlap_analysis.csv,fraction_within_threshold,0.973889702293802,,,Median nearest distance=0.3578; mean nearest distance=0.6084
Sensitivity,Paired difference in ROC-AUC after caliper-matched training.,Caliper-matched training sensitivity,results/tables/matched_sensitivity_comparison.csv,delta_roc_auc,-0.01780779222354988,-0.022065094546176812,-0.013550489900922946,Paired t-based 95% CI across five scaffold seeds.
Sensitivity,Paired difference in PR-AUC after caliper-matched training.,Caliper-matched training sensitivity,results/tables/matched_sensitivity_comparison.csv,delta_pr_auc,-0.01000897673751376,-0.020968724071622508,0.0009507705965949888,Paired t-based 95% CI across five scaffold seeds.
Sensitivity,Descriptor balance for molecular_weight before and after caliper matching.,Caliper descriptor balance,results/tables/caliper_matched_descriptor_balance.csv,smd_after,-0.0014619879894407,,,SMD before matching=-0.2966
Sensitivity,Descriptor balance for heavy_atoms before and after caliper matching.,Caliper descriptor balance,results/tables/caliper_matched_descriptor_balance.csv,smd_after,-0.0304394697176752,,,SMD before matching=-0.3012
Sensitivity,Descriptor balance for hbd before and after caliper matching.,Caliper descriptor balance,results/tables/caliper_matched_descriptor_balance.csv,smd_after,-0.014341403500292,,,SMD before matching=-0.3087
Sensitivity,Descriptor balance for hba before and after caliper matching.,Caliper descriptor balance,results/tables/caliper_matched_descriptor_balance.csv,smd_after,-0.0559299780951545,,,SMD before matching=-0.3807
Sensitivity,Descriptor balance for rotatable_bonds before and after caliper matching.,Caliper descriptor balance,results/tables/caliper_matched_descriptor_balance.csv,smd_after,0.0496401389319143,,,SMD before matching=-0.3432
Sensitivity,Descriptor balance for rings before and after caliper matching.,Caliper descriptor balance,results/tables/caliper_matched_descriptor_balance.csv,smd_after,0.0,,,SMD before matching=-0.0028
Sensitivity,Descriptor balance for aromatic_rings before and after caliper matching.,Caliper descriptor balance,results/tables/caliper_matched_descriptor_balance.csv,smd_after,0.0,,,SMD before matching=0.4267
Sensitivity,Descriptor balance for fraction_csp3 before and after caliper matching.,Caliper descriptor balance,results/tables/caliper_matched_descriptor_balance.csv,smd_after,0.0022357179984005,,,SMD before matching=-0.4782
Sensitivity,Descriptor balance for logp before and after caliper matching.,Caliper descriptor balance,results/tables/caliper_matched_descriptor_balance.csv,smd_after,0.0067912378712498,,,SMD before matching=0.2018
Sensitivity,Descriptor balance for molecular_weight before and after caliper matching.,Caliper descriptor balance,results/tables/caliper_matched_descriptor_balance.csv,smd_after,-0.002819771604916,,,SMD before matching=-0.2980
Sensitivity,Descriptor balance for heavy_atoms before and after caliper matching.,Caliper descriptor balance,results/tables/caliper_matched_descriptor_balance.csv,smd_after,-0.0319184897568783,,,SMD before matching=-0.3024
Sensitivity,Descriptor balance for hbd before and after caliper matching.,Caliper descriptor balance,results/tables/caliper_matched_descriptor_balance.csv,smd_after,-0.0292338435796057,,,SMD before matching=-0.3231
Sensitivity,Descriptor balance for hba before and after caliper matching.,Caliper descriptor balance,results/tables/caliper_matched_descriptor_balance.csv,smd_after,-0.060752748959475,,,SMD before matching=-0.3789
Sensitivity,Descriptor balance for rotatable_bonds before and after caliper matching.,Caliper descriptor balance,results/tables/caliper_matched_descriptor_balance.csv,smd_after,0.0540319861022886,,,SMD before matching=-0.3449
Sensitivity,Descriptor balance for rings before and after caliper matching.,Caliper descriptor balance,results/tables/caliper_matched_descriptor_balance.csv,smd_after,0.0,,,SMD before matching=0.0016
Sensitivity,Descriptor balance for aromatic_rings before and after caliper matching.,Caliper descriptor balance,results/tables/caliper_matched_descriptor_balance.csv,smd_after,0.0,,,SMD before matching=0.4276
Sensitivity,Descriptor balance for fraction_csp3 before and after caliper matching.,Caliper descriptor balance,results/tables/caliper_matched_descriptor_balance.csv,smd_after,0.0030768090831377,,,SMD before matching=-0.4693
Sensitivity,Descriptor balance for logp before and after caliper matching.,Caliper descriptor balance,results/tables/caliper_matched_descriptor_balance.csv,smd_after,0.0101244562334432,,,SMD before matching=0.2188
Sensitivity,Descriptor balance for molecular_weight before and after caliper matching.,Caliper descriptor balance,results/tables/caliper_matched_descriptor_balance.csv,smd_after,-0.0047697482946767,,,SMD before matching=-0.2901
Sensitivity,Descriptor balance for heavy_atoms before and after caliper matching.,Caliper descriptor balance,results/tables/caliper_matched_descriptor_balance.csv,smd_after,-0.0365824713821042,,,SMD before matching=-0.2943
Sensitivity,Descriptor balance for hbd before and after caliper matching.,Caliper descriptor balance,results/tables/caliper_matched_descriptor_balance.csv,smd_after,-0.0168930372485812,,,SMD before matching=-0.3017
Sensitivity,Descriptor balance for hba before and after caliper matching.,Caliper descriptor balance,results/tables/caliper_matched_descriptor_balance.csv,smd_after,-0.0601552434254486,,,SMD before matching=-0.3754
Sensitivity,Descriptor balance for rotatable_bonds before and after caliper matching.,Caliper descriptor balance,results/tables/caliper_matched_descriptor_balance.csv,smd_after,0.057503833695336,,,SMD before matching=-0.3311
Sensitivity,Descriptor balance for rings before and after caliper matching.,Caliper descriptor balance,results/tables/caliper_matched_descriptor_balance.csv,smd_after,0.0,,,SMD before matching=-0.0096
Sensitivity,Descriptor balance for aromatic_rings before and after caliper matching.,Caliper descriptor balance,results/tables/caliper_matched_descriptor_balance.csv,smd_after,0.0,,,SMD before matching=0.4184
Sensitivity,Descriptor balance for fraction_csp3 before and after caliper matching.,Caliper descriptor balance,results/tables/caliper_matched_descriptor_balance.csv,smd_after,0.0037733352904096,,,SMD before matching=-0.4773
Sensitivity,Descriptor balance for logp before and after caliper matching.,Caliper descriptor balance,results/tables/caliper_matched_descriptor_balance.csv,smd_after,0.0051401737396312,,,SMD before matching=0.2059
Sensitivity,Descriptor balance for molecular_weight before and after caliper matching.,Caliper descriptor balance,results/tables/caliper_matched_descriptor_balance.csv,smd_after,0.002514687950653,,,SMD before matching=-0.3055
Sensitivity,Descriptor balance for heavy_atoms before and after caliper matching.,Caliper descriptor balance,results/tables/caliper_matched_descriptor_balance.csv,smd_after,-0.0246533860049818,,,SMD before matching=-0.3121
Sensitivity,Descriptor balance for hbd before and after caliper matching.,Caliper descriptor balance,results/tables/caliper_matched_descriptor_balance.csv,smd_after,-0.0133977011392236,,,SMD before matching=-0.3193
Sensitivity,Descriptor balance for hba before and after caliper matching.,Caliper descriptor balance,results/tables/caliper_matched_descriptor_balance.csv,smd_after,-0.0550407361619651,,,SMD before matching=-0.3826
Sensitivity,Descriptor balance for rotatable_bonds before and after caliper matching.,Caliper descriptor balance,results/tables/caliper_matched_descriptor_balance.csv,smd_after,0.0409930050464889,,,SMD before matching=-0.3653
Sensitivity,Descriptor balance for rings before and after caliper matching.,Caliper descriptor balance,results/tables/caliper_matched_descriptor_balance.csv,smd_after,0.0,,,SMD before matching=0.0026
Sensitivity,Descriptor balance for aromatic_rings before and after caliper matching.,Caliper descriptor balance,results/tables/caliper_matched_descriptor_balance.csv,smd_after,0.0,,,SMD before matching=0.4213
Sensitivity,Descriptor balance for fraction_csp3 before and after caliper matching.,Caliper descriptor balance,results/tables/caliper_matched_descriptor_balance.csv,smd_after,0.0036830254845382,,,SMD before matching=-0.4768
Sensitivity,Descriptor balance for logp before and after caliper matching.,Caliper descriptor balance,results/tables/caliper_matched_descriptor_balance.csv,smd_after,0.0041591248452937,,,SMD before matching=0.2028
Sensitivity,Descriptor balance for molecular_weight before and after caliper matching.,Caliper descriptor balance,results/tables/caliper_matched_descriptor_balance.csv,smd_after,-0.0024236180364785,,,SMD before matching=-0.2807
Sensitivity,Descriptor balance for heavy_atoms before and after caliper matching.,Caliper descriptor balance,results/tables/caliper_matched_descriptor_balance.csv,smd_after,-0.0368958668263561,,,SMD before matching=-0.2859
Sensitivity,Descriptor balance for hbd before and after caliper matching.,Caliper descriptor balance,results/tables/caliper_matched_descriptor_balance.csv,smd_after,-0.0130573429135015,,,SMD before matching=-0.2917
Sensitivity,Descriptor balance for hba before and after caliper matching.,Caliper descriptor balance,results/tables/caliper_matched_descriptor_balance.csv,smd_after,-0.0578515951946582,,,SMD before matching=-0.3642
Sensitivity,Descriptor balance for rotatable_bonds before and after caliper matching.,Caliper descriptor balance,results/tables/caliper_matched_descriptor_balance.csv,smd_after,0.058341717747246,,,SMD before matching=-0.3243
Sensitivity,Descriptor balance for rings before and after caliper matching.,Caliper descriptor balance,results/tables/caliper_matched_descriptor_balance.csv,smd_after,0.0,,,SMD before matching=0.0069
Sensitivity,Descriptor balance for aromatic_rings before and after caliper matching.,Caliper descriptor balance,results/tables/caliper_matched_descriptor_balance.csv,smd_after,0.0,,,SMD before matching=0.4107
Sensitivity,Descriptor balance for fraction_csp3 before and after caliper matching.,Caliper descriptor balance,results/tables/caliper_matched_descriptor_balance.csv,smd_after,0.0070167869160341,,,SMD before matching=-0.4584
Sensitivity,Descriptor balance for logp before and after caliper matching.,Caliper descriptor balance,results/tables/caliper_matched_descriptor_balance.csv,smd_after,0.0015300490572743,,,SMD before matching=0.1863
External validation,External ClinTox roc_auc.,ClinTox external validation with bootstrap uncertainty,results/tables/clintox_external_bootstrap.csv,roc_auc,0.4700789337120694,0.3871345711468945,0.5549318427717261,"5,000-replicate bootstrap 95% CI."
External validation,External ClinTox pr_auc.,ClinTox external validation with bootstrap uncertainty,results/tables/clintox_external_bootstrap.csv,pr_auc,0.9518063036514685,0.931256857184936,0.9715423013994472,"5,000-replicate bootstrap 95% CI."
External validation,External ClinTox accuracy.,ClinTox external validation with bootstrap uncertainty,results/tables/clintox_external_bootstrap.csv,accuracy,0.7794432548179872,0.7537473233404711,0.8051391862955032,"5,000-replicate bootstrap 95% CI."
External validation,External ClinTox f1.,ClinTox external validation with bootstrap uncertainty,results/tables/clintox_external_bootstrap.csv,f1,0.875453446191052,0.8587114210591648,0.89179548156956,"5,000-replicate bootstrap 95% CI."
